{"eval/steps_per_second":3.141,"eval/loss":2.0169429779052734,"eval/loss_2":0.012451171875,"eval/runtime":0.3184,"train/loss":1.078,"_timestamp":1.737449648060407e+09,"_wandb":{"runtime":12},"train/learning_rate":3e-05,"eval/loss_4":7.042447090148926,"train/loss_4":13.514850616455078,"train/loss_2":0.0134124755859375,"train_loss":1.3809895515441895,"train_runtime":5.5757,"train/global_step":4,"train/loss_1":1.0646305084228516,"eval/samples_per_second":25.125,"train_steps_per_second":0.717,"eval/loss_3":-6.817693710327148,"train_samples_per_second":5.739,"train/grad_norm":NaN,"_step":5,"_runtime":12.300717093,"train/epoch":1,"train/loss_3":-13.418230056762695,"total_flos":2.4180016545792e+14,"eval/loss_1":2.0044918060302734}