{"train/loss_2":0.0134124755859375,"_timestamp":1.7374457573177145e+09,"eval/loss_3":-6.817693710327148,"train_samples_per_second":5.665,"total_flos":2.4180016545792e+14,"_step":5,"train/loss_3":-13.418230056762695,"train/global_step":4,"train/grad_norm":NaN,"eval/loss_1":2.0044918060302734,"train/loss_1":1.0646305084228516,"_wandb":{"runtime":15},"eval/loss":2.0169429779052734,"train/epoch":1,"_runtime":15.562056316,"eval/loss_2":0.012451171875,"train_steps_per_second":0.708,"eval/steps_per_second":3.125,"eval/runtime":0.32,"eval/loss_4":7.042447090148926,"train_runtime":5.6487,"train/loss":1.078,"train/learning_rate":3e-05,"train_loss":1.3809895515441895,"eval/samples_per_second":24.999,"train/loss_4":13.514850616455078}