{"train_loss":1.3809895515441895,"train/loss":1.078,"total_flos":2.4180016545792e+14,"train_steps_per_second":0.71,"train/grad_norm":NaN,"train/epoch":1,"_timestamp":1.7374506268309512e+09,"train/learning_rate":3e-05,"train/loss_3":-13.418230056762695,"train/loss_1":1.0646305084228516,"_step":5,"train/loss_4":13.514850616455078,"eval/loss_3":-6.817693710327148,"train_runtime":5.6377,"eval/loss_1":2.0044918060302734,"eval/loss_2":0.012451171875,"eval/loss":2.0169429779052734,"train_samples_per_second":5.676,"train/global_step":4,"eval/samples_per_second":25.135,"train/loss_2":0.0134124755859375,"_wandb":{"runtime":13},"eval/steps_per_second":3.142,"eval/runtime":0.3183,"_runtime":13.038060095,"eval/loss_4":7.042447090148926}