{"eval/loss_4":7.042447090148926,"_wandb":{"runtime":15},"train/loss":1.078,"train/loss_1":1.0646305084228516,"train_steps_per_second":0.716,"train/loss_2":0.0134124755859375,"train_loss":1.3809895515441895,"train/epoch":1,"train/loss_4":13.514850616455078,"eval/loss_3":-6.817693710327148,"train/global_step":4,"_step":5,"train_runtime":5.5899,"eval/steps_per_second":3.143,"eval/loss_2":0.012451171875,"eval/loss":2.0169429779052734,"total_flos":2.4180016545792e+14,"_timestamp":1.7374451211839302e+09,"train/grad_norm":NaN,"train/learning_rate":3e-05,"train/loss_3":-13.418230056762695,"_runtime":15.496263471,"train_samples_per_second":5.725,"eval/loss_1":2.0044918060302734,"eval/samples_per_second":25.147,"eval/runtime":0.3181}