{"eval/runtime":0.3202,"eval/samples_per_second":24.982,"train/loss_1":1.0646305084228516,"train_runtime":5.6537,"train/epoch":1,"train/learning_rate":3e-05,"_step":5,"train/loss_4":13.514850616455078,"total_flos":2.4180016545792e+14,"_runtime":11.547278641,"train/loss_2":0.0134124755859375,"eval/loss_4":7.042447090148926,"eval/loss_1":2.0044918060302734,"train/global_step":4,"train/loss":1.078,"train_loss":1.3809895515441895,"_timestamp":1.7374498439138215e+09,"train/loss_3":-13.418230056762695,"train_samples_per_second":5.66,"eval/loss_2":0.012451171875,"_wandb":{"runtime":11},"train/grad_norm":NaN,"eval/steps_per_second":3.123,"eval/loss_3":-6.817693710327148,"eval/loss":2.0169429779052734,"train_steps_per_second":0.707}