{"train/loss_1":0.003498001489788294,"train/loss":0.0047,"train_runtime":7634.6442,"train/epoch":30,"eval/loss_1":0.0042063104920089245,"eval/steps_per_second":4.134,"train/loss_2":0.0011644363403320312,"_runtime":7639.003962463,"train/learning_rate":2.3255813953488372e-08,"eval/loss_2":0.002641744911670685,"_step":6193,"total_flos":1.645885589078016e+17,"train/loss_3":-16.400829315185547,"_wandb":{"runtime":7639},"train_samples_per_second":43.138,"eval/runtime":3.8708,"eval/loss":0.006848055403679609,"train/global_step":5160,"eval/samples_per_second":264.548,"_timestamp":1.7374802876121745e+09,"eval/loss_3":-18.243549346923828,"train/loss_4":-0.3369289040565491,"eval/loss_4":0.9139963388442993,"train_loss":0.03756641583082215,"train_steps_per_second":0.676,"train/grad_norm":6.005240440368652}