{"train/loss":0.8903,"train/grad_norm":124.71143341064453,"_step":10,"_wandb":{"runtime":88},"_runtime":70.823453553,"eval/loss":1.2137904167175293,"eval/loss_2":0.010748117230832577,"eval/runtime":40.508,"eval/loss_3":-11.733766555786133,"train/epoch":0.007283321194464676,"train/global_step":10,"train/loss_2":0.01239013671875,"eval/loss_4":10.309422492980957,"eval/steps_per_second":3.16,"train/loss_4":10.512215614318848,"eval/loss_1":1.2030422687530518,"train/learning_rate":2.989075018208303e-05,"eval/samples_per_second":25.279,"_timestamp":1.7374464935726626e+09,"train/loss_3":-11.551216125488281,"train/loss_1":0.8779247403144836}