{"train/learning_rate":2.3255813953488372e-08,"train/loss_3":-16.40018653869629,"eval/loss":0.009650643914937973,"train_runtime":7617.3211,"eval/loss_4":0.11806853860616684,"_runtime":7621.859514176,"train/loss_4":-0.17949295043945312,"eval/loss_3":-18.169984817504883,"train_samples_per_second":43.236,"train/grad_norm":5.845205783843994,"eval/loss_2":0.0024720095098018646,"eval/loss_1":0.007178634870797396,"eval/runtime":3.9523,"total_flos":1.645885589078016e+17,"_step":6193,"_wandb":{"runtime":7621},"train/loss":0.0074,"eval/steps_per_second":4.048,"train_steps_per_second":0.677,"train/global_step":5160,"eval/samples_per_second":259.092,"train_loss":0.0407854706393248,"_timestamp":1.737469669341053e+09,"train/loss_1":0.0012353891506791115,"train/epoch":30,"train/loss_2":0.00614166259765625}