{"train_samples_per_second":43.27,"train/loss":0.0054,"_timestamp":1.737459215174313e+09,"eval/steps_per_second":4.206,"train/epoch":30,"train/loss_3":-16.40816307067871,"train/loss_4":0.5696883797645569,"eval/loss_2":0.00256279855966568,"eval/loss_1":0.004284875467419624,"_runtime":7615.49625484,"eval/samples_per_second":269.155,"_wandb":{"runtime":7615},"train/grad_norm":6.401891231536865,"eval/loss_3":-18.12482452392578,"train/global_step":5160,"train/loss_2":0.00299072265625,"_step":6193,"eval/loss":0.006847674027085304,"train_loss":0.034439180305276366,"total_flos":1.645885589078016e+17,"train/loss_1":0.0023678147699683905,"train/learning_rate":2.3255813953488372e-08,"train_runtime":7611.3332,"eval/loss_4":0.8499071598052979,"eval/runtime":3.8045,"train_steps_per_second":0.678}