{"_wandb":{"runtime":15},"train_runtime":6.0065,"eval/loss":2.0169429779052734,"train/global_step":4,"train/loss_3":-13.418230056762695,"train/loss":1.078,"train_samples_per_second":5.328,"eval/runtime":0.3203,"train/grad_norm":NaN,"train/learning_rate":3e-05,"eval/loss_1":2.0044918060302734,"eval/loss_4":7.042447090148926,"total_flos":2.4180016545792e+14,"eval/loss_3":-6.817693710327148,"_runtime":15.756722057,"eval/steps_per_second":3.122,"train/epoch":1,"train_steps_per_second":0.666,"train/loss_2":0.0134124755859375,"eval/loss_2":0.012451171875,"train/loss_4":13.514850616455078,"eval/samples_per_second":24.979,"train_loss":1.3809895515441895,"train/loss_1":1.0646305084228516,"_step":5,"_timestamp":1.7374455940788872e+09}