{"_runtime":114.207542122,"train/global_step":65,"train/loss_4":6.810018539428711,"eval/samples_per_second":268.223,"eval/loss":0.022795291617512703,"eval/runtime":3.8177,"eval/loss_4":7.123434543609619,"_timestamp":1.7374512527763808e+09,"train/learning_rate":2.9639534883720932e-05,"train/grad_norm":19.741825103759766,"eval/loss_1":0.01712566800415516,"train/epoch":0.37790697674418605,"train/loss":0.072,"train/loss_2":0.00571441650390625,"_wandb":{"runtime":115},"eval/loss_2":0.005669623613357544,"train/loss_1":0.06629898399114609,"eval/loss_3":-18.193586349487305,"_step":77,"train/loss_3":-15.112955093383789,"eval/steps_per_second":4.191}