{"_wandb":{"runtime":7605},"train_samples_per_second":43.329,"eval/loss":0.01274043694138527,"train/loss_2":0.0003199577331542969,"train/loss_1":0.001710425829514861,"eval/loss_1":0.009303619153797626,"train/learning_rate":2.3255813953488372e-08,"eval/loss_3":-18.148771286010742,"train/grad_norm":6.085115432739258,"train/loss_4":-0.47435563802719116,"train/epoch":30,"eval/loss_4":1.270930290222168,"train/loss":0.002,"_timestamp":1.7374803389780273e+09,"eval/samples_per_second":270.395,"train_runtime":7600.9384,"train_steps_per_second":0.679,"_step":6193,"eval/runtime":3.7871,"train_loss":0.04303540970517373,"eval/steps_per_second":4.225,"train/global_step":5160,"total_flos":1.645885589078016e+17,"eval/loss_2":0.0034368187189102173,"train/loss_3":-16.307327270507812,"_runtime":7605.036812321}