{"train_loss":1.3809895515441895,"eval/loss_4":7.042447090148926,"eval/loss_3":-6.817693710327148,"train/grad_norm":NaN,"train_steps_per_second":0.72,"eval/steps_per_second":3.148,"total_flos":2.4180016545792e+14,"eval/runtime":0.3177,"train/loss_3":-13.418230056762695,"_step":5,"_wandb":{"runtime":13},"eval/samples_per_second":25.182,"_timestamp":1.7374500581500635e+09,"train_samples_per_second":5.757,"eval/loss":2.0169429779052734,"_runtime":13.252579107,"train/loss_2":0.0134124755859375,"eval/loss_1":2.0044918060302734,"train_runtime":5.5586,"train/loss_4":13.514850616455078,"train/global_step":4,"eval/loss_2":0.012451171875,"train/loss":1.078,"train/learning_rate":3e-05,"train/epoch":1,"train/loss_1":1.0646305084228516}