{"train/global_step":8,"eval/loss_1":3.9954020977020264,"train_samples_per_second":3.432,"train_loss":3.268215388059616,"_step":10,"eval/runtime":0.3205,"_timestamp":1.7374428026930535e+09,"train/grad_norm":191.4547576904297,"train/epoch":2,"train/loss_1":3.1227526664733887,"train/loss_4":9.347124099731445,"train_runtime":18.6468,"eval/steps_per_second":3.12,"_wandb":{"runtime":25},"train/loss":3.1233,"eval/samples_per_second":24.958,"eval/loss_2":0.012451171875,"train/learning_rate":1.8750000000000002e-05,"eval/loss_3":-6.817693710327148,"train_steps_per_second":0.429,"train/loss_3":-10.34044075012207,"total_flos":4.8360033091584e+14,"eval/loss_4":7.042447090148926,"train/loss_2":0.0005693435668945312,"eval/loss":4.0078535079956055,"_runtime":25.248510074}