{"eval/loss_2":0.0848388671875,"_runtime":2.103799236,"eval/loss_1":0.31107744574546814,"train/loss_3":-14.324337005615234,"train/epoch":1,"total_flos":1.599208685568e+13,"train/learning_rate":3e-05,"train_samples_per_second":16.329,"train_loss":1.1775829643011093,"_wandb":{"runtime":2},"eval/samples_per_second":211.876,"train/grad_norm":NaN,"train/loss_4":11.054439544677734,"train_runtime":1.9597,"_timestamp":1.7374509163211343e+09,"eval/steps_per_second":26.485,"train_steps_per_second":2.041,"train/loss_2":0.07733154296875,"train/loss_1":1.5405558347702026,"eval/loss":0.39591631293296814,"_step":5,"train/loss":1.6179,"train/global_step":4,"eval/runtime":0.0378,"eval/loss_3":-18.263883590698242,"eval/loss_4":13.748615264892578}