{"eval/runtime":3.7922,"_runtime":26.307214995,"train/loss":1.6152,"eval/samples_per_second":270.03,"eval/loss_1":0.463509202003479,"_step":17,"eval/loss_2":0.021715641021728516,"train/loss_3":-14.947617530822754,"eval/steps_per_second":4.219,"train/global_step":15,"eval/loss_3":-18.203224182128906,"train/learning_rate":2.9936046511627906e-05,"eval/loss_4":9.608739852905273,"train/loss_1":1.5866855382919312,"train/loss_4":10.435983657836914,"_timestamp":1.7374512498481e+09,"train/grad_norm":111.01768493652344,"_wandb":{"runtime":26},"train/epoch":0.0872093023255814,"eval/loss":0.48522481322288513,"train/loss_2":0.02850341796875}