{"train_loss":1.3809895515441895,"train/loss_3":-13.418230056762695,"_timestamp":1.73744384878468e+09,"train/loss_2":0.0134124755859375,"_wandb":{"runtime":15},"train/loss":1.078,"train_steps_per_second":0.718,"train_samples_per_second":5.745,"eval/loss_3":-6.817693710327148,"train/loss_1":1.0646305084228516,"train/global_step":4,"eval/samples_per_second":25.167,"eval/loss_4":7.042447090148926,"train/epoch":1,"_step":5,"train/learning_rate":3e-05,"eval/loss":2.0169429779052734,"eval/steps_per_second":3.146,"eval/loss_2":0.012451171875,"eval/loss_1":2.0044918060302734,"train/loss_4":13.514850616455078,"eval/runtime":0.3179,"train_runtime":5.5699,"_runtime":15.400175031,"total_flos":2.4180016545792e+14,"train/grad_norm":NaN}