{"_runtime":7636.536713862,"eval/loss_4":1.1835525035858154,"_step":6193,"train/loss_1":0.009234708733856678,"train/loss_2":0.00841522216796875,"_wandb":{"runtime":7636},"train_samples_per_second":43.15,"train/learning_rate":3.488372093023256e-08,"eval/steps_per_second":4.217,"eval/loss_2":0.0024549365043640137,"train_loss":0.04446019921715772,"eval/loss_3":-18.21697998046875,"train_runtime":7632.4221,"eval/samples_per_second":269.883,"train/grad_norm":11.119770050048828,"total_flos":1.645885589078016e+17,"train/global_step":5160,"eval/runtime":3.7942,"train/epoch":30,"train/loss_3":-16.51647186279297,"eval/loss_1":0.0074276006780564785,"train_steps_per_second":0.676,"train/loss":0.0176,"eval/loss":0.00988253764808178,"_timestamp":1.737480269374069e+09,"train/loss_4":0.4259244203567505}