{"train/grad_norm":NaN,"total_flos":2.4180016545792e+14,"train/loss_3":-13.418230056762695,"eval/loss":2.0169429779052734,"train/epoch":1,"eval/steps_per_second":3.149,"train_steps_per_second":0.72,"train/loss_4":13.514850616455078,"train_runtime":5.5524,"train/loss":1.078,"_runtime":14.981359128,"eval/runtime":0.3176,"train/loss_2":0.0134124755859375,"eval/samples_per_second":25.189,"train_samples_per_second":5.763,"eval/loss_1":2.0044918060302734,"train/learning_rate":3e-05,"eval/loss_2":0.012451171875,"_timestamp":1.7374444241387908e+09,"train_loss":1.3809895515441895,"_wandb":{"runtime":14},"train/loss_1":1.0646305084228516,"eval/loss_4":7.042447090148926,"_step":5,"train/global_step":4,"eval/loss_3":-6.817693710327148}