{"train/loss_3":-13.418230056762695,"train_steps_per_second":0.718,"train/loss_1":1.0646305084228516,"eval/loss":2.0169429779052734,"_wandb":{"runtime":12},"_step":5,"train_runtime":5.5748,"train_samples_per_second":5.74,"eval/loss_3":-6.817693710327148,"eval/samples_per_second":25.188,"eval/runtime":0.3176,"eval/loss_4":7.042447090148926,"train/grad_norm":NaN,"eval/loss_1":2.0044918060302734,"_timestamp":1.7374495323058448e+09,"train/loss":1.078,"train/global_step":4,"eval/loss_2":0.012451171875,"train_loss":1.3809895515441895,"train/learning_rate":3e-05,"_runtime":12.314231359,"eval/steps_per_second":3.149,"total_flos":2.4180016545792e+14,"train/epoch":1,"train/loss_2":0.0134124755859375,"train/loss_4":13.514850616455078}