{"train/loss_4":13.514850616455078,"_wandb":{"runtime":16},"eval/loss_2":0.012451171875,"total_flos":2.4180016545792e+14,"eval/loss_4":7.042447090148926,"_timestamp":1.7374443573197453e+09,"eval/steps_per_second":3.153,"eval/loss":2.0169429779052734,"_step":5,"train_steps_per_second":0.712,"eval/loss_3":-6.817693710327148,"eval/loss_1":2.0044918060302734,"train_loss":1.3809895515441895,"train/loss_2":0.0134124755859375,"train/grad_norm":NaN,"eval/samples_per_second":25.226,"train/loss":1.078,"_runtime":16.517213882,"train_samples_per_second":5.697,"train/epoch":1,"train/learning_rate":3e-05,"train/loss_3":-13.418230056762695,"train_runtime":5.6173,"train/global_step":4,"train/loss_1":1.0646305084228516,"eval/runtime":0.3171}