{"eval/loss_2":0.002019524574279785,"train_samples_per_second":43.249,"train/loss":0.0047,"train/global_step":5160,"eval/runtime":3.8622,"eval/loss_4":1.0981287956237793,"eval/loss_3":-18.329883575439453,"train_steps_per_second":0.678,"train/loss_3":-16.200824737548828,"total_flos":1.645885589078016e+17,"_step":6193,"train/loss_4":1.4024837017059326,"train/epoch":30,"eval/samples_per_second":265.136,"train/grad_norm":6.54904842376709,"train_loss":0.030786653654063266,"eval/loss":0.0055117118172347546,"_timestamp":1.73745907670376e+09,"_wandb":{"runtime":7619},"eval/loss_1":0.0034921872429549694,"train_runtime":7614.9741,"train/loss_1":0.003023118246346712,"train/learning_rate":1.744186046511628e-08,"train/loss_2":0.0016279220581054688,"_runtime":7619.40116489,"eval/steps_per_second":4.143}