{"_timestamp":1.7374590619499812e+09,"train/loss_2":0.00437164306640625,"eval/loss_3":-18.257152557373047,"train_samples_per_second":43.189,"_step":6193,"train/learning_rate":2.3255813953488372e-08,"eval/runtime":3.8142,"_wandb":{"runtime":7629},"eval/loss_4":0.18051211535930634,"eval/loss_2":0.0028281807899475098,"train_steps_per_second":0.677,"train_runtime":7625.4825,"train_loss":0.035261647494793186,"eval/samples_per_second":268.473,"train/loss_1":0.0036030428018420935,"eval/steps_per_second":4.195,"total_flos":1.645885589078016e+17,"train/epoch":30,"train/grad_norm":6.647449493408203,"eval/loss":0.0073652565479278564,"train/loss_4":0.5375163555145264,"_runtime":7629.689789759,"train/loss":0.008,"eval/loss_1":0.004537075292319059,"train/global_step":5160,"train/loss_3":-16.24809455871582}