{"eval/loss_1":2.0044918060302734,"train_steps_per_second":0.713,"eval/loss":2.0169429779052734,"train/epoch":1,"_wandb":{"runtime":16},"train_samples_per_second":5.701,"train_runtime":5.6128,"train/loss_1":1.0646305084228516,"_step":5,"eval/samples_per_second":25.087,"eval/loss_4":7.042447090148926,"_runtime":16.198017927,"train/loss":1.078,"train/learning_rate":3e-05,"train/loss_4":13.514850616455078,"eval/loss_2":0.012451171875,"total_flos":2.4180016545792e+14,"eval/steps_per_second":3.136,"_timestamp":1.7374450702279043e+09,"train/global_step":4,"train_loss":1.3809895515441895,"eval/runtime":0.3189,"train/grad_norm":NaN,"eval/loss_3":-6.817693710327148,"train/loss_3":-13.418230056762695,"train/loss_2":0.0134124755859375}