{"train/learning_rate":1.8750000000000002e-05,"eval/loss":2.0169429779052734,"eval/loss_2":0.012451171875,"_runtime":24.784772366,"train/grad_norm":163.37196350097656,"train_steps_per_second":0.439,"eval/loss_1":2.0044918060302734,"train/loss_4":9.580954551696777,"_timestamp":1.7374427633754191e+09,"train/epoch":2,"_step":10,"train/loss_1":1.5275532007217407,"train_loss":1.377721793949604,"total_flos":4.8360033091584e+14,"train/loss":1.5324,"train/loss_3":-10.10809326171875,"eval/steps_per_second":3.135,"train/loss_2":0.0048675537109375,"eval/samples_per_second":25.076,"eval/runtime":0.319,"train_runtime":18.2428,"train/global_step":8,"eval/loss_4":7.042447090148926,"train_samples_per_second":3.508,"_wandb":{"runtime":24},"eval/loss_3":-6.817693710327148}