{"train_loss":0.03843063892489353,"eval/samples_per_second":269.797,"train/loss_2":0.011444091796875,"eval/loss_1":0.00624203821644187,"train_runtime":7645.2534,"train/epoch":30,"eval/loss_3":-18.1298885345459,"eval/loss_4":-0.037394024431705475,"_wandb":{"runtime":7649},"eval/runtime":3.7954,"train/loss_3":-16.494428634643555,"train/grad_norm":6.878316879272461,"_step":6193,"total_flos":1.645885589078016e+17,"eval/loss":0.008880989626049995,"train/loss_1":0.0029620288405567408,"train/loss_4":-0.426654189825058,"_timestamp":1.7374696618806112e+09,"train_steps_per_second":0.675,"eval/loss_2":0.0026389509439468384,"train_samples_per_second":43.078,"train/loss":0.0144,"train/learning_rate":2.3255813953488372e-08,"eval/steps_per_second":4.216,"_runtime":7649.440062586,"train/global_step":5160}