{"_wandb":{"runtime":7652},"eval/loss_2":0.0022733360528945923,"train/grad_norm":6.678821563720703,"eval/loss_1":0.0035548058804124594,"eval/samples_per_second":268.554,"eval/loss":0.005828141234815121,"train/loss_4":0.13510480523109436,"total_flos":1.645885589078016e+17,"train_loss":0.036809380951517104,"train/loss_1":0.001777265453711152,"train/loss_2":0.0106201171875,"eval/runtime":3.813,"train/learning_rate":2.3255813953488372e-08,"eval/loss_4":0.918878436088562,"train_runtime":7648.7399,"train/loss_3":-16.285472869873047,"_runtime":7652.874296521,"train/epoch":30,"train/loss":0.0124,"train/global_step":5160,"_timestamp":1.737469655104882e+09,"train_steps_per_second":0.675,"_step":6193,"eval/loss_3":-18.18364906311035,"eval/steps_per_second":4.196,"train_samples_per_second":43.058}