{"_runtime":31.814344476,"train_samples_per_second":2.934,"train/loss":1.5324,"eval/loss_2":0.012451171875,"train/loss_2":0.0048675537109375,"train/loss_4":9.580954551696777,"train_loss":1.377721793949604,"_step":10,"train_steps_per_second":0.367,"train/epoch":2,"train/loss_1":1.5275532007217407,"train/global_step":8,"train/learning_rate":1.8750000000000002e-05,"eval/steps_per_second":3.127,"train/grad_norm":163.37196350097656,"train_runtime":21.8134,"_timestamp":1.7374436508746877e+09,"eval/loss_4":7.042447090148926,"total_flos":4.8360033091584e+14,"eval/samples_per_second":25.017,"train/loss_3":-10.10809326171875,"eval/loss_3":-6.817693710327148,"eval/loss_1":2.0044918060302734,"eval/runtime":0.3198,"_wandb":{"runtime":31},"eval/loss":2.0169429779052734}